Workbook
Name Slicer_Player: #N/A

Sheet raw_data
A1: Sr.No | B1: Player | C1: Span | D1: Mat | E1: Inns | F1: NO | G1: Runs | H1: HS | I1: Ave | J1: 100 | K1: 50 | L1: 0 | M1: Not Out % | N1: Runs Per Innings | O1: 50+ Scores | P1: Century Contribution % | Q1: HS Numeric
A2: 1 | B2: SR Tendulkar (INDIA) | C2: 1989-2013 | D2: 200 | E2: 329 | F2: 33 | G2: 15921 | H2: 248* | I2: 53.78 | J2: 51 | K2: 68 | L2: 14 | M2: =IF(E2=0,0,F2/E2) -> 0.10030395 | N2: =IF(E2=0,0,G2/E2) -> 48.392097 | O2: =J2+K2 -> 119 | P2: =IF(O2=0,0,J2/O2) -> 0.42857143 | Q2: =VALUE(SUBSTITUTE(H2,"*","")) -> 248
A3: 2 | B3: RT Ponting (AUS) | C3: 1995-2012 | D3: 168 | E3: 287 | F3: 29 | G3: 13378 | H3: 257 | I3: 51.85 | J3: 41 | K3: 62 | L3: 17 | M3: =IF(E3=0,0,F3/E3) -> 0.1010453 | N3: =IF(E3=0,0,G3/E3) -> 46.61324 | O3: =J3+K3 -> 103 | P3: =IF(O3=0,0,J3/O3) -> 0.39805825 | Q3: =VALUE(SUBSTITUTE(H3,"*","")) -> 257
A4: 3 | B4: JH Kallis (ICC/SA) | C4: 1995-2013 | D4: 166 | E4: 280 | F4: 40 | G4: 13289 | H4: 224 | I4: 55.37 | J4: 45 | K4: 58 | L4: 16 | M4: =IF(E4=0,0,F4/E4) -> 0.14285714 | N4: =IF(E4=0,0,G4/E4) -> 47.460714 | O4: =J4+K4 -> 103 | P4: =IF(O4=0,0,J4/O4) -> 0.4368932 | Q4: =VALUE(SUBSTITUTE(H4,"*","")) -> 224
A5: 4 | B5: R Dravid (ICC/INDIA) | C5: 1996-2012 | D5: 164 | E5: 286 | F5: 32 | G5: 13288 | H5: 270 | I5: 52.31 | J5: 36 | K5: 63 | L5: 8 | M5: =IF(E5=0,0,F5/E5) -> 0.11188811 | N5: =IF(E5=0,0,G5/E5) -> 46.461538 | O5: =J5+K5 -> 99 | P5: =IF(O5=0,0,J5/O5) -> 0.36363636 | Q5: =VALUE(SUBSTITUTE(H5,"*","")) -> 270
A6: 5 | B6: AN Cook (ENG) | C6: 2006-2018 | D6: 161 | E6: 291 | F6: 16 | G6: 12472 | H6: 294 | I6: 45.35 | J6: 33 | K6: 57 | L6: 9 | M6: =IF(E6=0,0,F6/E6) -> 0.054982818 | N6: =IF(E6=0,0,G6/E6) -> 42.859107 | O6: =J6+K6 -> 90 | P6: =IF(O6=0,0,J6/O6) -> 0.36666667 | Q6: =VALUE(SUBSTITUTE(H6,"*","")) -> 294
A7: 6 | B7: KC Sangakkara (SL) | C7: 2000-2015 | D7: 134 | E7: 233 | F7: 17 | G7: 12400 | H7: 319 | I7: 57.4 | J7: 38 | K7: 52 | L7: 11 | M7: =IF(E7=0,0,F7/E7) -> 0.072961373 | N7: =IF(E7=0,0,G7/E7) -> 53.218884 | O7: =J7+K7 -> 90 | P7: =IF(O7=0,0,J7/O7) -> 0.42222222 | Q7: =VALUE(SUBSTITUTE(H7,"*","")) -> 319
A8: 7 | B8: BC Lara (ICC/WI) | C8: 1990-2006 | D8: 131 | E8: 232 | F8: 6 | G8: 11953 | H8: 400* | I8: 52.88 | J8: 34 | K8: 48 | L8: 17 | M8: =IF(E8=0,0,F8/E8) -> 0.025862069 | N8: =IF(E8=0,0,G8/E8) -> 51.521552 | O8: =J8+K8 -> 82 | P8: =IF(O8=0,0,J8/O8) -> 0.41463415 | Q8: =VALUE(SUBSTITUTE(H8,"*","")) -> 400
A9: 8 | B9: S Chanderpaul (WI) | C9: 1994-2015 | D9: 164 | E9: 280 | F9: 49 | G9: 11867 | H9: 203* | I9: 51.37 | J9: 30 | K9: 66 | L9: 15 | M9: =IF(E9=0,0,F9/E9) -> 0.175 | N9: =IF(E9=0,0,G9/E9) -> 42.382143 | O9: =J9+K9 -> 96 | P9: =IF(O9=0,0,J9/O9) -> 0.3125 | Q9: =VALUE(SUBSTITUTE(H9,"*","")) -> 203
A10: 9 | B10: DPMD Jayawardene (SL) | C10: 1997-2014 | D10: 149 | E10: 252 | F10: 15 | G10: 11814 | H10: 374 | I10: 49.84 | J10: 34 | K10: 50 | L10: 15 | M10: =IF(E10=0,0,F10/E10) -> 0.05952381 | N10: =IF(E10=0,0,G10/E10) -> 46.880952 | O10: =J10+K10 -> 84 | P10: =IF(O10=0,0,J10/O10) -> 0.4047619 | Q10: =VALUE(SUBSTITUTE(H10,"*","")) -> 374
A11: 10 | B11: AR Border (AUS) | C11: 1978-1994 | D11: 156 | E11: 265 | F11: 44 | G11: 11174 | H11: 205 | I11: 50.56 | J11: 27 | K11: 63 | L11: 11 | M11: =IF(E11=0,0,F11/E11) -> 0.16603774 | N11: =IF(E11=0,0,G11/E11) -> 42.166038 | O11: =J11+K11 -> 90 | P11: =IF(O11=0,0,J11/O11) -> 0.3 | Q11: =VALUE(SUBSTITUTE(H11,"*","")) -> 205
A12: 11 | B12: SR Waugh (AUS) | C12: 1985-2004 | D12: 168 | E12: 260 | F12: 46 | G12: 10927 | H12: 200 | I12: 51.06 | J12: 32 | K12: 50 | L12: 22 | M12: =IF(E12=0,0,F12/E12) -> 0.17692308 | N12: =IF(E12=0,0,G12/E12) -> 42.026923 | O12: =J12+K12 -> 82 | P12: =IF(O12=0,0,J12/O12) -> 0.3902439 | Q12: =VALUE(SUBSTITUTE(H12,"*","")) -> 200
A13: 12 | B13: SM Gavaskar (INDIA) | C13: 1971-1987 | D13: 125 | E13: 214 | F13: 16 | G13: 10122 | H13: 236* | I13: 51.12 | J13: 34 | K13: 45 | L13: 12 | M13: =IF(E13=0,0,F13/E13) -> 0.074766355 | N13: =IF(E13=0,0,G13/E13) -> 47.299065 | O13: =J13+K13 -> 79 | P13: =IF(O13=0,0,J13/O13) -> 0.43037975 | Q13: =VALUE(SUBSTITUTE(H13,"*","")) -> 236
A14: 13 | B14: Younis Khan (PAK) | C14: 2000-2017 | D14: 118 | E14: 213 | F14: 19 | G14: 10099 | H14: 313 | I14: 52.05 | J14: 34 | K14: 33 | L14: 19 | M14: =IF(E14=0,0,F14/E14) -> 0.089201878 | N14: =IF(E14=0,0,G14/E14) -> 47.413146 | O14: =J14+K14 -> 67 | P14: =IF(O14=0,0,J14/O14) -> 0.50746269 | Q14: =VALUE(SUBSTITUTE(H14,"*","")) -> 313
A15: 14 | B15: JE Root (ENG) | C15: 2012-2021 | D15: 111* | E15: 202 | F15: 15 | G15: 9367 | H15: 254 | I15: 50.09 | J15: 23 | K15: 51 | L15: 9 | M15: =IF(E15=0,0,F15/E15) -> 0.074257426 | N15: =IF(E15=0,0,G15/E15) -> 46.371287 | O15: =J15+K15 -> 74 | P15: =IF(O15=0,0,J15/O15) -> 0.31081081 | Q15: =VALUE(SUBSTITUTE(H15,"*","")) -> 254
A16: 15 | B16: HM Amla (SA) | C16: 2004-2019 | D16: 124 | E16: 215 | F16: 16 | G16: 9282 | H16: 311* | I16: 46.64 | J16: 28 | K16: 41 | L16: 13 | M16: =IF(E16=0,0,F16/E16) -> 0.074418605 | N16: =IF(E16=0,0,G16/E16) -> 43.172093 | O16: =J16+K16 -> 69 | P16: =IF(O16=0,0,J16/O16) -> 0.4057971 | Q16: =VALUE(SUBSTITUTE(H16,"*","")) -> 311
A17: 16 | B17: GC Smith (ICC/SA) | C17: 2002-2014 | D17: 117 | E17: 205 | F17: 13 | G17: 9265 | H17: 277 | I17: 48.25 | J17: 27 | K17: 38 | L17: 11 | M17: =IF(E17=0,0,F17/E17) -> 0.063414634 | N17: =IF(E17=0,0,G17/E17) -> 45.195122 | O17: =J17+K17 -> 65 | P17: =IF(O17=0,0,J17/O17) -> 0.41538462 | Q17: =VALUE(SUBSTITUTE(H17,"*","")) -> 277
A18: 17 | B18: GA Gooch (ENG) | C18: 1975-1995 | D18: 118 | E18: 215 | F18: 6 | G18: 8900 | H18: 333 | I18: 42.58 | J18: 20 | K18: 46 | L18: 13 | M18: =IF(E18=0,0,F18/E18) -> 0.027906977 | N18: =IF(E18=0,0,G18/E18) -> 41.395349 | O18: =J18+K18 -> 66 | P18: =IF(O18=0,0,J18/O18) -> 0.3030303 | Q18: =VALUE(SUBSTITUTE(H18,"*","")) -> 333
A19: 18 | B19: Javed Miandad (PAK) | C19: 1976-1993 | D19: 124 | E19: 189 | F19: 21 | G19: 8832 | H19: 280* | I19: 52.57 | J19: 23 | K19: 43 | L19: 6 | M19: =IF(E19=0,0,F19/E19) -> 0.11111111 | N19: =IF(E19=0,0,G19/E19) -> 46.730159 | O19: =J19+K19 -> 66 | P19: =IF(O19=0,0,J19/O19) -> 0.34848485 | Q19: =VALUE(SUBSTITUTE(H19,"*","")) -> 280
A20: 19 | B20: Inzamam-ul-Haq (ICC/PAK) | C20: 1992-2007 | D20: 120 | E20: 200 | F20: 22 | G20: 8830 | H20: 329 | I20: 49.6 | J20: 25 | K20: 46 | L20: 15 | M20: =IF(E20=0,0,F20/E20) -> 0.11 | N20: =IF(E20=0,0,G20/E20) -> 44.15 | O20: =J20+K20 -> 71 | P20: =IF(O20=0,0,J20/O20) -> 0.35211268 | Q20: =VALUE(SUBSTITUTE(H20,"*","")) -> 329
A21: 20 | B21: VVS Laxman (INDIA) | C21: 1996-2012 | D21: 134 | E21: 225 | F21: 34 | G21: 8781 | H21: 281 | I21: 45.97 | J21: 17 | K21: 56 | L21: 14 | M21: =IF(E21=0,0,F21/E21) -> 0.15111111 | N21: =IF(E21=0,0,G21/E21) -> 39.026667 | O21: =J21+K21 -> 73 | P21: =IF(O21=0,0,J21/O21) -> 0.23287671 | Q21: =VALUE(SUBSTITUTE(H21,"*","")) -> 281
A22: 21 | B22: AB de Villiers (SA) | C22: 2004-2018 | D22: 114 | E22: 191 | F22: 18 | G22: 8765 | H22: 278* | I22: 50.66 | J22: 22 | K22: 46 | L22: 8 | M22: =IF(E22=0,0,F22/E22) -> 0.094240838 | N22: =IF(E22=0,0,G22/E22) -> 45.890052 | O22: =J22+K22 -> 68 | P22: =IF(O22=0,0,J22/O22) -> 0.32352941 | Q22: =VALUE(SUBSTITUTE(H22,"*","")) -> 278
A23: 22 | B23: MJ Clarke (AUS) | C23: 2004-2015 | D23: 115 | E23: 198 | F23: 22 | G23: 8643 | H23: 329* | I23: 49.1 | J23: 28 | K23: 27 | L23: 9 | M23: =IF(E23=0,0,F23/E23) -> 0.11111111 | N23: =IF(E23=0,0,G23/E23) -> 43.651515 | O23: =J23+K23 -> 55 | P23: =IF(O23=0,0,J23/O23) -> 0.50909091 | Q23: =VALUE(SUBSTITUTE(H23,"*","")) -> 329
A24: 23 | B24: ML Hayden (AUS) | C24: 1994-2009 | D24: 103 | E24: 184 | F24: 14 | G24: 8625 | H24: 380 | I24: 50.73 | J24: 30 | K24: 29 | L24: 14 | M24: =IF(E24=0,0,F24/E24) -> 0.076086957 | N24: =IF(E24=0,0,G24/E24) -> 46.875 | O24: =J24+K24 -> 59 | P24: =IF(O24=0,0,J24/O24) -> 0.50847458 | Q24: =VALUE(SUBSTITUTE(H24,"*","")) -> 380
A25: 24 | B25: V Sehwag (ICC/INDIA) | C25: 2001-2013 | D25: 104 | E25: 180 | F25: 6 | G25: 8586 | H25: 319 | I25: 49.34 | J25: 23 | K25: 32 | L25: 16 | M25: =IF(E25=0,0,F25/E25) -> 0.033333333 | N25: =IF(E25=0,0,G25/E25) -> 47.7 | O25: =J25+K25 -> 55 | P25: =IF(O25=0,0,J25/O25) -> 0.41818182 | Q25: =VALUE(SUBSTITUTE(H25,"*","")) -> 319
A26: 25 | B26: IVA Richards (WI) | C26: 1974-1991 | D26: 121 | E26: 182 | F26: 12 | G26: 8540 | H26: 291 | I26: 50.23 | J26: 24 | K26: 45 | L26: 10 | M26: =IF(E26=0,0,F26/E26) -> 0.065934066 | N26: =IF(E26=0,0,G26/E26) -> 46.923077 | O26: =J26+K26 -> 69 | P26: =IF(O26=0,0,J26/O26) -> 0.34782609 | Q26: =VALUE(SUBSTITUTE(H26,"*","")) -> 291
A27: 26 | B27: AJ Stewart (ENG) | C27: 1990-2003 | D27: 133 | E27: 235 | F27: 21 | G27: 8463 | H27: 190 | I27: 39.54 | J27: 15 | K27: 45 | L27: 14 | M27: =IF(E27=0,0,F27/E27) -> 0.089361702 | N27: =IF(E27=0,0,G27/E27) -> 36.012766 | O27: =J27+K27 -> 60 | P27: =IF(O27=0,0,J27/O27) -> 0.25 | Q27: =VALUE(SUBSTITUTE(H27,"*","")) -> 190
A28: 27 | B28: DI Gower (ENG) | C28: 1978-1992 | D28: 117 | E28: 204 | F28: 18 | G28: 8231 | H28: 215 | I28: 44.25 | J28: 18 | K28: 39 | L28: 7 | M28: =IF(E28=0,0,F28/E28) -> 0.088235294 | N28: =IF(E28=0,0,G28/E28) -> 40.348039 | O28: =J28+K28 -> 57 | P28: =IF(O28=0,0,J28/O28) -> 0.31578947 | Q28: =VALUE(SUBSTITUTE(H28,"*","")) -> 215
A29: 28 | B29: KP Pietersen (ENG) | C29: 2005-2014 | D29: 104 | E29: 181 | F29: 8 | G29: 8181 | H29: 227 | I29: 47.28 | J29: 23 | K29: 35 | L29: 10 | M29: =IF(E29=0,0,F29/E29) -> 0.044198895 | N29: =IF(E29=0,0,G29/E29) -> 45.198895 | O29: =J29+K29 -> 58 | P29: =IF(O29=0,0,J29/O29) -> 0.39655172 | Q29: =VALUE(SUBSTITUTE(H29,"*","")) -> 227
A30: 29 | B30: G Boycott (ENG) | C30: 1964-1982 | D30: 108 | E30: 193 | F30: 23 | G30: 8114 | H30: 246* | I30: 47.72 | J30: 22 | K30: 42 | L30: 10 | M30: =IF(E30=0,0,F30/E30) -> 0.11917098 | N30: =IF(E30=0,0,G30/E30) -> 42.041451 | O30: =J30+K30 -> 64 | P30: =IF(O30=0,0,J30/O30) -> 0.34375 | Q30: =VALUE(SUBSTITUTE(H30,"*","")) -> 246
A31: 30 | B31: GS Sobers (WI) | C31: 1954-1974 | D31: 93 | E31: 160 | F31: 21 | G31: 8032 | H31: 365* | I31: 57.78 | J31: 26 | K31: 30 | L31: 12 | M31: =IF(E31=0,0,F31/E31) -> 0.13125 | N31: =IF(E31=0,0,G31/E31) -> 50.2 | O31: =J31+K31 -> 56 | P31: =IF(O31=0,0,J31/O31) -> 0.46428571 | Q31: =VALUE(SUBSTITUTE(H31,"*","")) -> 365
A32: 31 | B32: ME Waugh (AUS) | C32: 1991-2002 | D32: 128 | E32: 209 | F32: 17 | G32: 8029 | H32: 153* | I32: 41.81 | J32: 20 | K32: 47 | L32: 19 | M32: =IF(E32=0,0,F32/E32) -> 0.081339713 | N32: =IF(E32=0,0,G32/E32) -> 38.416268 | O32: =J32+K32 -> 67 | P32: =IF(O32=0,0,J32/O32) -> 0.29850746 | Q32: =VALUE(SUBSTITUTE(H32,"*","")) -> 153
A33: 32 | B33: V Kohli (INDIA) | C33: 2011-2021 | D33: 97 | E33: 164 | F33: 10 | G33: 7801 | H33: 254* | I33: 50.65 | J33: 27 | K33: 27 | L33: 14 | M33: =IF(E33=0,0,F33/E33) -> 0.06097561 | N33: =IF(E33=0,0,G33/E33) -> 47.567073 | O33: =J33+K33 -> 54 | P33: =IF(O33=0,0,J33/O33) -> 0.5 | Q33: =VALUE(SUBSTITUTE(H33,"*","")) -> 254
A34: 33 | B34: MA Atherton (ENG) | C34: 1989-2001 | D34: 115 | E34: 212 | F34: 7 | G34: 7728 | H34: 185* | I34: 37.69 | J34: 16 | K34: 46 | L34: 20 | M34: =IF(E34=0,0,F34/E34) -> 0.033018868 | N34: =IF(E34=0,0,G34/E34) -> 36.45283 | O34: =J34+K34 -> 62 | P34: =IF(O34=0,0,J34/O34) -> 0.25806452 | Q34: =VALUE(SUBSTITUTE(H34,"*","")) -> 185
A35: 34 | B35: IR Bell (ENG) | C35: 2004-2015 | D35: 118 | E35: 205 | F35: 24 | G35: 7727 | H35: 235 | I35: 42.69 | J35: 22 | K35: 46 | L35: 14 | M35: =IF(E35=0,0,F35/E35) -> 0.11707317 | N35: =IF(E35=0,0,G35/E35) -> 37.692683 | O35: =J35+K35 -> 68 | P35: =IF(O35=0,0,J35/O35) -> 0.32352941 | Q35: =VALUE(SUBSTITUTE(H35,"*","")) -> 235
A36: 35 | B36: JL Langer (AUS) | C36: 1993-2007 | D36: 105 | E36: 182 | F36: 12 | G36: 7696 | H36: 250 | I36: 45.27 | J36: 23 | K36: 30 | L36: 11 | M36: =IF(E36=0,0,F36/E36) -> 0.065934066 | N36: =IF(E36=0,0,G36/E36) -> 42.285714 | O36: =J36+K36 -> 53 | P36: =IF(O36=0,0,J36/O36) -> 0.43396226 | Q36: =VALUE(SUBSTITUTE(H36,"*","")) -> 250
A37: 36 | B37: SPD Smith (AUS) | C37: 2010-2021 | D37: 79* | E37: 141 | F37: 18 | G37: 7625 | H37: 239 | I37: 61.99 | J37: 27 | K37: 32 | L37: 5 | M37: =IF(E37=0,0,F37/E37) -> 0.12765957 | N37: =IF(E37=0,0,G37/E37) -> 54.078014 | O37: =J37+K37 -> 59 | P37: =IF(O37=0,0,J37/O37) -> 0.45762712 | Q37: =VALUE(SUBSTITUTE(H37,"*","")) -> 239
A38: 37 | B38: MC Cowdrey (ENG) | C38: 1954-1975 | D38: 114 | E38: 188 | F38: 15 | G38: 7624 | H38: 182 | I38: 44.06 | J38: 22 | K38: 38 | L38: 9 | M38: =IF(E38=0,0,F38/E38) -> 0.079787234 | N38: =IF(E38=0,0,G38/E38) -> 40.553191 | O38: =J38+K38 -> 60 | P38: =IF(O38=0,0,J38/O38) -> 0.36666667 | Q38: =VALUE(SUBSTITUTE(H38,"*","")) -> 182
A39: 38 | B39: LRPL Taylor (NZ) | C39: 2007-2021 | D39: 110 | E39: 193 | F39: 24 | G39: 7584 | H39: 290 | I39: 44.87 | J39: 19 | K39: 35 | L39: 14 | M39: =IF(E39=0,0,F39/E39) -> 0.12435233 | N39: =IF(E39=0,0,G39/E39) -> 39.295337 | O39: =J39+K39 -> 54 | P39: =IF(O39=0,0,J39/O39) -> 0.35185185 | Q39: =VALUE(SUBSTITUTE(H39,"*","")) -> 290
A40: 39 | B40: CG Greenidge (WI) | C40: 1974-1991 | D40: 108 | E40: 185 | F40: 16 | G40: 7558 | H40: 226 | I40: 44.72 | J40: 19 | K40: 34 | L40: 11 | M40: =IF(E40=0,0,F40/E40) -> 0.086486486 | N40: =IF(E40=0,0,G40/E40) -> 40.854054 | O40: =J40+K40 -> 53 | P40: =IF(O40=0,0,J40/O40) -> 0.35849057 | Q40: =VALUE(SUBSTITUTE(H40,"*","")) -> 226
A41: 40 | B41: Mohammad Yousuf (PAK) | C41: 1998-2010 | D41: 90 | E41: 156 | F41: 12 | G41: 7530 | H41: 223 | I41: 52.29 | J41: 24 | K41: 33 | L41: 11 | M41: =IF(E41=0,0,F41/E41) -> 0.076923077 | N41: =IF(E41=0,0,G41/E41) -> 48.269231 | O41: =J41+K41 -> 57 | P41: =IF(O41=0,0,J41/O41) -> 0.42105263 | Q41: =VALUE(SUBSTITUTE(H41,"*","")) -> 223
A42: 41 | B42: MA Taylor (AUS) | C42: 1989-1999 | D42: 104 | E42: 186 | F42: 13 | G42: 7525 | H42: 334* | I42: 43.49 | J42: 19 | K42: 40 | L42: 5 | M42: =IF(E42=0,0,F42/E42) -> 0.069892473 | N42: =IF(E42=0,0,G42/E42) -> 40.456989 | O42: =J42+K42 -> 59 | P42: =IF(O42=0,0,J42/O42) -> 0.3220339 | Q42: =VALUE(SUBSTITUTE(H42,"*","")) -> 334
A43: 42 | B43: CH Lloyd (WI) | C43: 1966-1985 | D43: 110 | E43: 175 | F43: 14 | G43: 7515 | H43: 242* | I43: 46.67 | J43: 19 | K43: 39 | L43: 4 | M43: =IF(E43=0,0,F43/E43) -> 0.08 | N43: =IF(E43=0,0,G43/E43) -> 42.942857 | O43: =J43+K43 -> 58 | P43: =IF(O43=0,0,J43/O43) -> 0.32758621 | Q43: =VALUE(SUBSTITUTE(H43,"*","")) -> 242
A44: 43 | B44: DA Warner (AUS) | C44: 2011-2021 | D44: 88* | E44: 161 | F44: 7 | G44: 7500 | H44: 335* | I44: 48.7 | J44: 24 | K44: 32 | L44: 9 | M44: =IF(E44=0,0,F44/E44) -> 0.043478261 | N44: =IF(E44=0,0,G44/E44) -> 46.583851 | O44: =J44+K44 -> 56 | P44: =IF(O44=0,0,J44/O44) -> 0.42857143 | Q44: =VALUE(SUBSTITUTE(H44,"*","")) -> 335
A45: 44 | B45: DL Haynes (WI) | C45: 1978-1994 | D45: 116 | E45: 202 | F45: 25 | G45: 7487 | H45: 184 | I45: 42.29 | J45: 18 | K45: 39 | L45: 10 | M45: =IF(E45=0,0,F45/E45) -> 0.12376238 | N45: =IF(E45=0,0,G45/E45) -> 37.064356 | O45: =J45+K45 -> 57 | P45: =IF(O45=0,0,J45/O45) -> 0.31578947 | Q45: =VALUE(SUBSTITUTE(H45,"*","")) -> 184
A46: 45 | B46: DC Boon (AUS) | C46: 1984-1996 | D46: 107 | E46: 190 | F46: 20 | G46: 7422 | H46: 200 | I46: 43.65 | J46: 21 | K46: 32 | L46: 16 | M46: =IF(E46=0,0,F46/E46) -> 0.10526316 | N46: =IF(E46=0,0,G46/E46) -> 39.063158 | O46: =J46+K46 -> 53 | P46: =IF(O46=0,0,J46/O46) -> 0.39622642 | Q46: =VALUE(SUBSTITUTE(H46,"*","")) -> 200
A47: 46 | B47: G Kirsten (SA) | C47: 1993-2004 | D47: 101 | E47: 176 | F47: 15 | G47: 7289 | H47: 275 | I47: 45.27 | J47: 21 | K47: 34 | L47: 13 | M47: =IF(E47=0,0,F47/E47) -> 0.085227273 | N47: =IF(E47=0,0,G47/E47) -> 41.414773 | O47: =J47+K47 -> 55 | P47: =IF(O47=0,0,J47/O47) -> 0.38181818 | Q47: =VALUE(SUBSTITUTE(H47,"*","")) -> 275
A48: 47 | B48: KS Williamson (NZ) | C48: 2010-2021 | D48: 86 | E48: 150 | F48: 14 | G48: 7272 | H48: 251 | I48: 53.47 | J48: 24 | K48: 33 | L48: 9 | M48: =IF(E48=0,0,F48/E48) -> 0.093333333 | N48: =IF(E48=0,0,G48/E48) -> 48.48 | O48: =J48+K48 -> 57 | P48: =IF(O48=0,0,J48/O48) -> 0.42105263 | Q48: =VALUE(SUBSTITUTE(H48,"*","")) -> 251
A49: 48 | B49: WR Hammond (ENG) | C49: 1927-1947 | D49: 85 | E49: 140 | F49: 16 | G49: 7249 | H49: 336* | I49: 58.45 | J49: 22 | K49: 24 | L49: 4 | M49: =IF(E49=0,0,F49/E49) -> 0.11428571 | N49: =IF(E49=0,0,G49/E49) -> 51.778571 | O49: =J49+K49 -> 46 | P49: =IF(O49=0,0,J49/O49) -> 0.47826087 | Q49: =VALUE(SUBSTITUTE(H49,"*","")) -> 336
A50: 49 | B50: CH Gayle (WI) | C50: 2000-2014 | D50: 103 | E50: 182 | F50: 11 | G50: 7214 | H50: 333 | I50: 42.18 | J50: 15 | K50: 37 | L50: 15 | M50: =IF(E50=0,0,F50/E50) -> 0.06043956 | N50: =IF(E50=0,0,G50/E50) -> 39.637363 | O50: =J50+K50 -> 52 | P50: =IF(O50=0,0,J50/O50) -> 0.28846154 | Q50: =VALUE(SUBSTITUTE(H50,"*","")) -> 333
A51: 50 | B51: SC Ganguly (INDIA) | C51: 1996-2008 | D51: 113 | E51: 188 | F51: 17 | G51: 7212 | H51: 239 | I51: 42.17 | J51: 16 | K51: 35 | L51: 13 | M51: =IF(E51=0,0,F51/E51) -> 0.090425532 | N51: =IF(E51=0,0,G51/E51) -> 38.361702 | O51: =J51+K51 -> 51 | P51: =IF(O51=0,0,J51/O51) -> 0.31372549 | Q51: =VALUE(SUBSTITUTE(H51,"*","")) -> 239
A52: 51 | B52: SP Fleming (NZ) | C52: 1994-2008 | D52: 111 | E52: 189 | F52: 10 | G52: 7172 | H52: 274* | I52: 40.06 | J52: 9 | K52: 46 | L52: 16 | M52: =IF(E52=0,0,F52/E52) -> 0.052910053 | N52: =IF(E52=0,0,G52/E52) -> 37.94709 | O52: =J52+K52 -> 55 | P52: =IF(O52=0,0,J52/O52) -> 0.16363636 | Q52: =VALUE(SUBSTITUTE(H52,"*","")) -> 274
A53: 52 | B53: GS Chappell (AUS) | C53: 1970-1984 | D53: 87 | E53: 151 | F53: 19 | G53: 7110 | H53: 247* | I53: 53.86 | J53: 24 | K53: 31 | L53: 12 | M53: =IF(E53=0,0,F53/E53) -> 0.12582781 | N53: =IF(E53=0,0,G53/E53) -> 47.086093 | O53: =J53+K53 -> 55 | P53: =IF(O53=0,0,J53/O53) -> 0.43636364 | Q53: =VALUE(SUBSTITUTE(H53,"*","")) -> 247
A54: 53 | B54: AJ Strauss (ENG) | C54: 2004-2012 | D54: 100 | E54: 178 | F54: 6 | G54: 7037 | H54: 177 | I54: 40.91 | J54: 21 | K54: 27 | L54: 15 | M54: =IF(E54=0,0,F54/E54) -> 0.033707865 | N54: =IF(E54=0,0,G54/E54) -> 39.533708 | O54: =J54+K54 -> 48 | P54: =IF(O54=0,0,J54/O54) -> 0.4375 | Q54: =VALUE(SUBSTITUTE(H54,"*","")) -> 177
A55: 54 | B55: DG Bradman (AUS) | C55: 1928-1948 | D55: 52 | E55: 80 | F55: 10 | G55: 6996 | H55: 334 | I55: 99.94 | J55: 29 | K55: 13 | L55: 7 | M55: =IF(E55=0,0,F55/E55) -> 0.125 | N55: =IF(E55=0,0,G55/E55) -> 87.45 | O55: =J55+K55 -> 42 | P55: =IF(O55=0,0,J55/O55) -> 0.69047619 | Q55: =VALUE(SUBSTITUTE(H55,"*","")) -> 334
A56: 55 | B56: ST Jayasuriya (SL) | C56: 1991-2007 | D56: 110 | E56: 188 | F56: 14 | G56: 6973 | H56: 340 | I56: 40.07 | J56: 14 | K56: 31 | L56: 15 | M56: =IF(E56=0,0,F56/E56) -> 0.074468085 | N56: =IF(E56=0,0,G56/E56) -> 37.090426 | O56: =J56+K56 -> 45 | P56: =IF(O56=0,0,J56/O56) -> 0.31111111 | Q56: =VALUE(SUBSTITUTE(H56,"*","")) -> 340
A57: 56 | B57: L Hutton (ENG) | C57: 1937-1955 | D57: 79 | E57: 138 | F57: 15 | G57: 6971 | H57: 364 | I57: 56.67 | J57: 19 | K57: 33 | L57: 5 | M57: =IF(E57=0,0,F57/E57) -> 0.10869565 | N57: =IF(E57=0,0,G57/E57) -> 50.514493 | O57: =J57+K57 -> 52 | P57: =IF(O57=0,0,J57/O57) -> 0.36538462 | Q57: =VALUE(SUBSTITUTE(H57,"*","")) -> 364
A58: 57 | B58: DB Vengsarkar (INDIA) | C58: 1976-1992 | D58: 116 | E58: 185 | F58: 22 | G58: 6868 | H58: 166 | I58: 42.13 | J58: 17 | K58: 35 | L58: 15 | M58: =IF(E58=0,0,F58/E58) -> 0.11891892 | N58: =IF(E58=0,0,G58/E58) -> 37.124324 | O58: =J58+K58 -> 52 | P58: =IF(O58=0,0,J58/O58) -> 0.32692308 | Q58: =VALUE(SUBSTITUTE(H58,"*","")) -> 166
A59: 58 | B59: KF Barrington (ENG) | C59: 1955-1968 | D59: 82 | E59: 131 | F59: 15 | G59: 6806 | H59: 256 | I59: 58.67 | J59: 20 | K59: 35 | L59: 5 | M59: =IF(E59=0,0,F59/E59) -> 0.11450382 | N59: =IF(E59=0,0,G59/E59) -> 51.954198 | O59: =J59+K59 -> 55 | P59: =IF(O59=0,0,J59/O59) -> 0.36363636 | Q59: =VALUE(SUBSTITUTE(H59,"*","")) -> 256
A60: 59 | B60: GP Thorpe (ENG) | C60: 1993-2005 | D60: 100 | E60: 179 | F60: 28 | G60: 6744 | H60: 200* | I60: 44.66 | J60: 16 | K60: 39 | L60: 12 | M60: =IF(E60=0,0,F60/E60) -> 0.15642458 | N60: =IF(E60=0,0,G60/E60) -> 37.675978 | O60: =J60+K60 -> 55 | P60: =IF(O60=0,0,J60/O60) -> 0.29090909 | Q60: =VALUE(SUBSTITUTE(H60,"*","")) -> 200
A61: 60 | B61: Azhar Ali (PAK) | C61: 2010-2021 | D61: 91 | E61: 169 | F61: 11 | G61: 6721 | H61: 302* | I61: 42.53 | J61: 18 | K61: 34 | L61: 18 | M61: =IF(E61=0,0,F61/E61) -> 0.065088757 | N61: =IF(E61=0,0,G61/E61) -> 39.769231 | O61: =J61+K61 -> 52 | P61: =IF(O61=0,0,J61/O61) -> 0.34615385 | Q61: =VALUE(SUBSTITUTE(H61,"*","")) -> 302
A62: 61 | B62: CA Pujara (INDIA) | C62: 2010-2021 | D62: 92 | E62: 156 | F62: 9 | G62: 6589 | H62: 206* | I62: 44.82 | J62: 18 | K62: 31 | L62: 10 | M62: =IF(E62=0,0,F62/E62) -> 0.057692308 | N62: =IF(E62=0,0,G62/E62) -> 42.237179 | O62: =J62+K62 -> 49 | P62: =IF(O62=0,0,J62/O62) -> 0.36734694 | Q62: =VALUE(SUBSTITUTE(H62,"*","")) -> 206
A63: 62 | B63: BB McCullum (NZ) | C63: 2004-2016 | D63: 101 | E63: 176 | F63: 9 | G63: 6453 | H63: 302 | I63: 38.64 | J63: 12 | K63: 31 | L63: 14 | M63: =IF(E63=0,0,F63/E63) -> 0.051136364 | N63: =IF(E63=0,0,G63/E63) -> 36.664773 | O63: =J63+K63 -> 43 | P63: =IF(O63=0,0,J63/O63) -> 0.27906977 | Q63: =VALUE(SUBSTITUTE(H63,"*","")) -> 302
A64: 63 | B64: PA de Silva (SL) | C64: 1984-2002 | D64: 93 | E64: 159 | F64: 11 | G64: 6361 | H64: 267 | I64: 42.97 | J64: 20 | K64: 22 | L64: 7 | M64: =IF(E64=0,0,F64/E64) -> 0.06918239 | N64: =IF(E64=0,0,G64/E64) -> 40.006289 | O64: =J64+K64 -> 42 | P64: =IF(O64=0,0,J64/O64) -> 0.47619048 | Q64: =VALUE(SUBSTITUTE(H64,"*","")) -> 267
A65: 64 | B65: AD Mathews (SL) | C65: 2009-2021 | D65: 92 | E65: 165 | F65: 23 | G65: 6338 | H65: 200* | I65: 44.63 | J65: 11 | K65: 37 | L65: 2 | M65: =IF(E65=0,0,F65/E65) -> 0.13939394 | N65: =IF(E65=0,0,G65/E65) -> 38.412121 | O65: =J65+K65 -> 48 | P65: =IF(O65=0,0,J65/O65) -> 0.22916667 | Q65: =VALUE(SUBSTITUTE(H65,"*","")) -> 200
A66: 65 | B66: MEK Hussey (AUS) | C66: 2005-2013 | D66: 79 | E66: 137 | F66: 16 | G66: 6235 | H66: 195 | I66: 51.52 | J66: 19 | K66: 29 | L66: 12 | M66: =IF(E66=0,0,F66/E66) -> 0.11678832 | N66: =IF(E66=0,0,G66/E66) -> 45.510949 | O66: =J66+K66 -> 48 | P66: =IF(O66=0,0,J66/O66) -> 0.39583333 | Q66: =VALUE(SUBSTITUTE(H66,"*","")) -> 195
A67: 66 | B67: RB Kanhai (WI) | C67: 1957-1974 | D67: 79 | E67: 137 | F67: 6 | G67: 6227 | H67: 256 | I67: 47.53 | J67: 15 | K67: 28 | L67: 7 | M67: =IF(E67=0,0,F67/E67) -> 0.04379562 | N67: =IF(E67=0,0,G67/E67) -> 45.452555 | O67: =J67+K67 -> 43 | P67: =IF(O67=0,0,J67/O67) -> 0.34883721 | Q67: =VALUE(SUBSTITUTE(H67,"*","")) -> 256
A68: 67 | B68: M Azharuddin (INDIA) | C68: 1984-2000 | D68: 99 | E68: 147 | F68: 9 | G68: 6215 | H68: 199 | I68: 45.03 | J68: 22 | K68: 21 | L68: 5 | M68: =IF(E68=0,0,F68/E68) -> 0.06122449 | N68: =IF(E68=0,0,G68/E68) -> 42.278912 | O68: =J68+K68 -> 43 | P68: =IF(O68=0,0,J68/O68) -> 0.51162791 | Q68: =VALUE(SUBSTITUTE(H68,"*","")) -> 199
A69: 68 | B69: HH Gibbs (SA) | C69: 1996-2008 | D69: 90 | E69: 154 | F69: 7 | G69: 6167 | H69: 228 | I69: 41.95 | J69: 14 | K69: 26 | L69: 11 | M69: =IF(E69=0,0,F69/E69) -> 0.045454545 | N69: =IF(E69=0,0,G69/E69) -> 40.045455 | O69: =J69+K69 -> 40 | P69: =IF(O69=0,0,J69/O69) -> 0.35 | Q69: =VALUE(SUBSTITUTE(H69,"*","")) -> 228
A70: 69 | B70: RN Harvey (AUS) | C70: 1948-1963 | D70: 79 | E70: 137 | F70: 10 | G70: 6149 | H70: 205 | I70: 48.41 | J70: 21 | K70: 24 | L70: 7 | M70: =IF(E70=0,0,F70/E70) -> 0.072992701 | N70: =IF(E70=0,0,G70/E70) -> 44.883212 | O70: =J70+K70 -> 45 | P70: =IF(O70=0,0,J70/O70) -> 0.46666667 | Q70: =VALUE(SUBSTITUTE(H70,"*","")) -> 205
A71: 70 | B71: GR Viswanath (INDIA) | C71: 1969-1983 | D71: 91 | E71: 155 | F71: 10 | G71: 6080 | H71: 222 | I71: 41.93 | J71: 14 | K71: 35 | L71: 10 | M71: =IF(E71=0,0,F71/E71) -> 0.064516129 | N71: =IF(E71=0,0,G71/E71) -> 39.225806 | O71: =J71+K71 -> 49 | P71: =IF(O71=0,0,J71/O71) -> 0.28571429 | Q71: =VALUE(SUBSTITUTE(H71,"*","")) -> 222
A72: 71 | B72: RB Richardson (WI) | C72: 1983-1995 | D72: 86 | E72: 146 | F72: 12 | G72: 5949 | H72: 194 | I72: 44.39 | J72: 16 | K72: 27 | L72: 8 | M72: =IF(E72=0,0,F72/E72) -> 0.082191781 | N72: =IF(E72=0,0,G72/E72) -> 40.746575 | O72: =J72+K72 -> 43 | P72: =IF(O72=0,0,J72/O72) -> 0.37209302 | Q72: =VALUE(SUBSTITUTE(H72,"*","")) -> 194
A73: 72 | B73: RR Sarwan (WI) | C73: 2000-2011 | D73: 87 | E73: 154 | F73: 8 | G73: 5842 | H73: 291 | I73: 40.01 | J73: 15 | K73: 31 | L73: 12 | M73: =IF(E73=0,0,F73/E73) -> 0.051948052 | N73: =IF(E73=0,0,G73/E73) -> 37.935065 | O73: =J73+K73 -> 46 | P73: =IF(O73=0,0,J73/O73) -> 0.32608696 | Q73: =VALUE(SUBSTITUTE(H73,"*","")) -> 291
A74: 73 | B74: ME Trescothick (ENG) | C74: 2000-2006 | D74: 76 | E74: 143 | F74: 10 | G74: 5825 | H74: 219 | I74: 43.79 | J74: 14 | K74: 29 | L74: 12 | M74: =IF(E74=0,0,F74/E74) -> 0.06993007 | N74: =IF(E74=0,0,G74/E74) -> 40.734266 | O74: =J74+K74 -> 43 | P74: =IF(O74=0,0,J74/O74) -> 0.3255814 | Q74: =VALUE(SUBSTITUTE(H74,"*","")) -> 219
A75: 74 | B75: DCS Compton (ENG) | C75: 1937-1957 | D75: 78 | E75: 131 | F75: 15 | G75: 5807 | H75: 278 | I75: 50.06 | J75: 17 | K75: 28 | L75: 10 | M75: =IF(E75=0,0,F75/E75) -> 0.11450382 | N75: =IF(E75=0,0,G75/E75) -> 44.328244 | O75: =J75+K75 -> 45 | P75: =IF(O75=0,0,J75/O75) -> 0.37777778 | Q75: =VALUE(SUBSTITUTE(H75,"*","")) -> 278
A76: 75 | B76: Saleem Malik (PAK) | C76: 1982-1999 | D76: 103 | E76: 154 | F76: 22 | G76: 5768 | H76: 237 | I76: 43.69 | J76: 15 | K76: 29 | L76: 12 | M76: =IF(E76=0,0,F76/E76) -> 0.14285714 | N76: =IF(E76=0,0,G76/E76) -> 37.454545 | O76: =J76+K76 -> 44 | P76: =IF(O76=0,0,J76/O76) -> 0.34090909 | Q76: =VALUE(SUBSTITUTE(H76,"*","")) -> 237
A77: 76 | B77: N Hussain (ENG) | C77: 1990-2004 | D77: 96 | E77: 171 | F77: 16 | G77: 5764 | H77: 207 | I77: 37.18 | J77: 14 | K77: 33 | L77: 14 | M77: =IF(E77=0,0,F77/E77) -> 0.093567251 | N77: =IF(E77=0,0,G77/E77) -> 33.707602 | O77: =J77+K77 -> 47 | P77: =IF(O77=0,0,J77/O77) -> 0.29787234 | Q77: =VALUE(SUBSTITUTE(H77,"*","")) -> 207
... A79: 78 | B79: MP Vaughan (ENG) | C79: 1999-2008 | D79: 82 | E79: 147 | F79: 9 | G79: 5719 | H79: 197 | I79: 41.44 | J79: 18 | K79: 18 | L79: 9 | M79: =IF(E79=0,0,F79/E79) -> 0.06122449 | N79: =IF(E79=0,0,G79/E79) -> 38.904762 | O79: =J79+K79 -> 36 | P79: =IF(O79=0,0,J79/O79) -> 0.5 | Q79: =VALUE(SUBSTITUTE(H79,"*","")) -> 197
A80: 79 | B80: AC Gilchrist (AUS) | C80: 1999-2008 | D80: 96 | E80: 137 | F80: 20 | G80: 5570 | H80: 204* | I80: 47.6 | J80: 17 | K80: 26 | L80: 14 | M80: =IF(E80=0,0,F80/E80) -> 0.1459854 | N80: =IF(E80=0,0,G80/E80) -> 40.656934 | O80: =J80+K80 -> 43 | P80: =IF(O80=0,0,J80/O80) -> 0.39534884 | Q80: =VALUE(SUBSTITUTE(H80,"*","")) -> 204
A81: 80 | B81: MV Boucher (ICC/SA) | C81: 1997-2012 | D81: 147 | E81: 206 | F81: 24 | G81: 5515 | H81: 125 | I81: 30.3 | J81: 5 | K81: 35 | L81: 17 | M81: =IF(E81=0,0,F81/E81) -> 0.11650485 | N81: =IF(E81=0,0,G81/E81) -> 26.771845 | O81: =J81+K81 -> 40 | P81: =IF(O81=0,0,J81/O81) -> 0.125 | Q81: =VALUE(SUBSTITUTE(H81,"*","")) -> 125
A82: 81 | B82: MS Atapattu (SL) | C82: 1990-2007 | D82: 90 | E82: 156 | F82: 15 | G82: 5502 | H82: 249 | I82: 39.02 | J82: 16 | K82: 17 | L82: 22 | M82: =IF(E82=0,0,F82/E82) -> 0.096153846 | N82: =IF(E82=0,0,G82/E82) -> 35.269231 | O82: =J82+K82 -> 33 | P82: =IF(O82=0,0,J82/O82) -> 0.48484848 | Q82: =VALUE(SUBSTITUTE(H82,"*","")) -> 249
A83: 82 | B83: TM Dilshan (SL) | C83: 1999-2013 | D83: 87 | E83: 145 | F83: 11 | G83: 5492 | H83: 193 | I83: 40.98 | J83: 16 | K83: 23 | L83: 14 | M83: =IF(E83=0,0,F83/E83) -> 0.075862069 | N83: =IF(E83=0,0,G83/E83) -> 37.875862 | O83: =J83+K83 -> 39 | P83: =IF(O83=0,0,J83/O83) -> 0.41025641 | Q83: =VALUE(SUBSTITUTE(H83,"*","")) -> 193
A84: 83 | B84: TT Samaraweera (SL) | C84: 2001-2013 | D84: 81 | E84: 132 | F84: 20 | G84: 5462 | H84: 231 | I84: 48.76 | J84: 14 | K84: 30 | L84: 11 | M84: =IF(E84=0,0,F84/E84) -> 0.15151515 | N84: =IF(E84=0,0,G84/E84) -> 41.378788 | O84: =J84+K84 -> 44 | P84: =IF(O84=0,0,J84/O84) -> 0.31818182 | Q84: =VALUE(SUBSTITUTE(H84,"*","")) -> 231
A85: 84 | B85: FDM Karunaratne (SL) | C85: 2012-2021 | D85: 74 | E85: 143 | F85: 5 | G85: 5454 | H85: 244 | I85: 39.52 | J85: 13 | K85: 27 | L85: 12 | M85: =IF(E85=0,0,F85/E85) -> 0.034965035 | N85: =IF(E85=0,0,G85/E85) -> 38.13986 | O85: =J85+K85 -> 40 | P85: =IF(O85=0,0,J85/O85) -> 0.325 | Q85: =VALUE(SUBSTITUTE(H85,"*","")) -> 244
A86: 85 | B86: MD Crowe (NZ) | C86: 1982-1995 | D86: 77 | E86: 131 | F86: 11 | G86: 5444 | H86: 299 | I86: 45.36 | J86: 17 | K86: 18 | L86: 9 | M86: =IF(E86=0,0,F86/E86) -> 0.083969466 | N86: =IF(E86=0,0,G86/E86) -> 41.557252 | O86: =J86+K86 -> 35 | P86: =IF(O86=0,0,J86/O86) -> 0.48571429 | Q86: =VALUE(SUBSTITUTE(H86,"*","")) -> 299
A87: 86 | B87: JB Hobbs (ENG) | C87: 1908-1930 | D87: 61 | E87: 102 | F87: 7 | G87: 5410 | H87: 211 | I87: 56.94 | J87: 15 | K87: 28 | L87: 4 | M87: =IF(E87=0,0,F87/E87) -> 0.068627451 | N87: =IF(E87=0,0,G87/E87) -> 53.039216 | O87: =J87+K87 -> 43 | P87: =IF(O87=0,0,J87/O87) -> 0.34883721 | Q87: =VALUE(SUBSTITUTE(H87,"*","")) -> 211
A88: 87 | B88: KD Walters (AUS) | C88: 1965-1981 | D88: 74 | E88: 125 | F88: 14 | G88: 5357 | H88: 250 | I88: 48.26 | J88: 15 | K88: 33 | L88: 4 | M88: =IF(E88=0,0,F88/E88) -> 0.112 | N88: =IF(E88=0,0,G88/E88) -> 42.856 | O88: =J88+K88 -> 48 | P88: =IF(O88=0,0,J88/O88) -> 0.3125 | Q88: =VALUE(SUBSTITUTE(H88,"*","")) -> 250
A89: 88 | B89: IM Chappell (AUS) | C89: 1964-1980 | D89: 75 | E89: 136 | F89: 10 | G89: 5345 | H89: 196 | I89: 42.42 | J89: 14 | K89: 26 | L89: 11 | M89: =IF(E89=0,0,F89/E89) -> 0.073529412 | N89: =IF(E89=0,0,G89/E89) -> 39.301471 | O89: =J89+K89 -> 40 | P89: =IF(O89=0,0,J89/O89) -> 0.35 | Q89: =VALUE(SUBSTITUTE(H89,"*","")) -> 196
A90: 89 | B90: JG Wright (NZ) | C90: 1978-1993 | D90: 82 | E90: 148 | F90: 7 | G90: 5334 | H90: 185 | I90: 37.82 | J90: 12 | K90: 23 | L90: 7 | M90: =IF(E90=0,0,F90/E90) -> 0.047297297 | N90: =IF(E90=0,0,G90/E90) -> 36.040541 | O90: =J90+K90 -> 35 | P90: =IF(O90=0,0,J90/O90) -> 0.34285714 | Q90: =VALUE(SUBSTITUTE(H90,"*","")) -> 185
A91: 90 | B91: MJ Slater (AUS) | C91: 1993-2001 | D91: 74 | E91: 131 | F91: 7 | G91: 5312 | H91: 219 | I91: 42.83 | J91: 14 | K91: 21 | L91: 9 | M91: =IF(E91=0,0,F91/E91) -> 0.053435115 | N91: =IF(E91=0,0,G91/E91) -> 40.549618 | O91: =J91+K91 -> 35 | P91: =IF(O91=0,0,J91/O91) -> 0.4 | Q91: =VALUE(SUBSTITUTE(H91,"*","")) -> 219
A92: 91 | B92: N Kapil Dev (INDIA) | C92: 1978-1994 | D92: 131 | E92: 184 | F92: 15 | G92: 5248 | H92: 163 | I92: 31.05 | J92: 8 | K92: 27 | L92: 16 | M92: =IF(E92=0,0,F92/E92) -> 0.081521739 | N92: =IF(E92=0,0,G92/E92) -> 28.521739 | O92: =J92+K92 -> 35 | P92: =IF(O92=0,0,J92/O92) -> 0.22857143 | Q92: =VALUE(SUBSTITUTE(H92,"*","")) -> 163
A93: 92 | B93: WM Lawry (AUS) | C93: 1961-1971 | D93: 67 | E93: 123 | F93: 12 | G93: 5234 | H93: 210 | I93: 47.15 | J93: 13 | K93: 27 | L93: 6 | M93: =IF(E93=0,0,F93/E93) -> 0.097560976 | N93: =IF(E93=0,0,G93/E93) -> 42.552846 | O93: =J93+K93 -> 40 | P93: =IF(O93=0,0,J93/O93) -> 0.325 | Q93: =VALUE(SUBSTITUTE(H93,"*","")) -> 210
A94: 93 | B94: Misbah-ul-Haq (PAK) | C94: 2001-2017 | D94: 75 | E94: 132 | F94: 20 | G94: 5222 | H94: 161* | I94: 46.62 | J94: 10 | K94: 39 | L94: 9 | M94: =IF(E94=0,0,F94/E94) -> 0.15151515 | N94: =IF(E94=0,0,G94/E94) -> 39.560606 | O94: =J94+K94 -> 49 | P94: =IF(O94=0,0,J94/O94) -> 0.20408163 | Q94: =VALUE(SUBSTITUTE(H94,"*","")) -> 161
A95: 94 | B95: IT Botham (ENG) | C95: 1977-1992 | D95: 102 | E95: 161 | F95: 6 | G95: 5200 | H95: 208 | I95: 33.54 | J95: 14 | K95: 22 | L95: 14 | M95: =IF(E95=0,0,F95/E95) -> 0.037267081 | N95: =IF(E95=0,0,G95/E95) -> 32.298137 | O95: =J95+K95 -> 36 | P95: =IF(O95=0,0,J95/O95) -> 0.38888889 | Q95: =VALUE(SUBSTITUTE(H95,"*","")) -> 208
A96: 95 | B96: JH Edrich (ENG) | C96: 1963-1976 | D96: 77 | E96: 127 | F96: 9 | G96: 5138 | H96: 310* | I96: 43.54 | J96: 12 | K96: 24 | L96: 6 | M96: =IF(E96=0,0,F96/E96) -> 0.070866142 | N96: =IF(E96=0,0,G96/E96) -> 40.456693 | O96: =J96+K96 -> 36 | P96: =IF(O96=0,0,J96/O96) -> 0.33333333 | Q96: =VALUE(SUBSTITUTE(H96,"*","")) -> 310
A97: 96 | B97: A Ranatunga (SL) | C97: 1982-2000 | D97: 93 | E97: 155 | F97: 12 | G97: 5105 | H97: 135* | I97: 35.69 | J97: 4 | K97: 38 | L97: 12 | M97: =IF(E97=0,0,F97/E97) -> 0.077419355 | N97: =IF(E97=0,0,G97/E97) -> 32.935484 | O97: =J97+K97 -> 42 | P97: =IF(O97=0,0,J97/O97) -> 0.095238095 | Q97: =VALUE(SUBSTITUTE(H97,"*","")) -> 135
A98: 97 | B98: Zaheer Abbas (PAK) | C98: 1969-1985 | D98: 78 | E98: 124 | F98: 11 | G98: 5062 | H98: 274 | I98: 44.79 | J98: 12 | K98: 20 | L98: 10 | M98: =IF(E98=0,0,F98/E98) -> 0.088709677 | N98: =IF(E98=0,0,G98/E98) -> 40.822581 | O98: =J98+K98 -> 32 | P98: =IF(O98=0,0,J98/O98) -> 0.375 | Q98: =VALUE(SUBSTITUTE(H98,"*","")) -> 274

Sheet Pivot_Analysis

Sheet Top 10 Run Scorers
A3: Row Labels | B3: Sum of Runs
A4: SR Tendulkar (INDIA) | B4: 15921
A5: S Chanderpaul (WI) | B5: 11867
A6: RT Ponting (AUS) | B6: 13378
A7: R Dravid (ICC/INDIA) | B7: 13288
A8: KC Sangakkara (SL) | B8: 12400
A9: JH Kallis (ICC/SA) | B9: 13289
A10: DPMD Jayawardene (SL) | B10: 11814
A11: BC Lara (ICC/WI) | B11: 11953
A12: AR Border (AUS) | B12: 11174
A13: AN Cook (ENG) | B13: 12472
A14: Grand Total | B14: 127556

Sheet Top 10 Batting Average
A3: Row Labels | B3: Average of Ave
A4: DG Bradman (AUS) | B4: 99.94
A5: SPD Smith (AUS) | B5: 61.99
A6: KF Barrington (ENG) | B6: 58.67
A7: WR Hammond (ENG) | B7: 58.45
A8: GS Sobers (WI) | B8: 57.78
A9: KC Sangakkara (SL) | B9: 57.4
A10: JB Hobbs (ENG) | B10: 56.94
A11: L Hutton (ENG) | B11: 56.67
A12: JH Kallis (ICC/SA) | B12: 55.37
A13: GS Chappell (AUS) | B13: 53.86
A14: Grand Total | B14: 61.707

Sheet Top 10 Highest Individual Score
A3: Row Labels | B3: Sum of HS Numeric
A4: BC Lara (ICC/WI) | B4: 400
A5: ML Hayden (AUS) | B5: 380
A6: DPMD Jayawardene (SL) | B6: 374
A7: GS Sobers (WI) | B7: 365
A8: L Hutton (ENG) | B8: 364
A9: ST Jayasuriya (SL) | B9: 340
A10: WR Hammond (ENG) | B10: 336
A11: DA Warner (AUS) | B11: 335
A12: DG Bradman (AUS) | B12: 334
A13: MA Taylor (AUS) | B13: 334
A14: Grand Total | B14: 3562

Sheet Top 10 Century Makers
A1: Row Labels | B1: Sum of 100
A2: SR Tendulkar (INDIA) | B2: 51
A3: JH Kallis (ICC/SA) | B3: 45
A4: RT Ponting (AUS) | B4: 41
A5: KC Sangakkara (SL) | B5: 38
A6: R Dravid (ICC/INDIA) | B6: 36
A7: Younis Khan (PAK) | B7: 34
A8: BC Lara (ICC/WI) | B8: 34
A9: SM Gavaskar (INDIA) | B9: 34
A10: DPMD Jayawardene (SL) | B10: 34
A11: AN Cook (ENG) | B11: 33
A12: Grand Total | B12: 380

Sheet Top 10 Half-Century Makers
A1: Row Labels | B1: Sum of 50
A2: SR Tendulkar (INDIA) | B2: 68
A3: S Chanderpaul (WI) | B3: 66
A4: AR Border (AUS) | B4: 63
A5: R Dravid (ICC/INDIA) | B5: 63
A6: RT Ponting (AUS) | B6: 62
A7: JH Kallis (ICC/SA) | B7: 58
A8: AN Cook (ENG) | B8: 57
A9: VVS Laxman (INDIA) | B9: 56
A10: KC Sangakkara (SL) | B10: 52
A11: JE Root (ENG) | B11: 51
A12: Grand Total | B12: 596

Sheet Most Ducks
A1: Row Labels | B1: Sum of 0
A2: SR Waugh (AUS) | B2: 22
A3: MS Atapattu (SL) | B3: 22
A4: MA Atherton (ENG) | B4: 20
A5: Younis Khan (PAK) | B5: 19
A6: ME Waugh (AUS) | B6: 19
A7: Azhar Ali (PAK) | B7: 18
A8: BC Lara (ICC/WI) | B8: 17
A9: RT Ponting (AUS) | B9: 17
A10: MV Boucher (ICC/SA) | B10: 17
A11: V Sehwag (ICC/INDIA) | B11: 16
A12: JH Kallis (ICC/SA) | B12: 16
A13: N Kapil Dev (INDIA) | B13: 16
... A16: Grand Total | B16: 251

Sheet Matches vs Runs
A1: Row Labels | B1: Sum of Mat | C1: Sum of Runs
A2: A Ranatunga (SL) | B2: 93 | C2: 5105
A3: AB de Villiers (SA) | B3: 114 | C3: 8765
A4: AC Gilchrist (AUS) | B4: 96 | C4: 5570
A5: AD Mathews (SL) | B5: 92 | C5: 6338
A6: AJ Stewart (ENG) | B6: 133 | C6: 8463
A7: AJ Strauss (ENG) | B7: 100 | C7: 7037
A8: AN Cook (ENG) | B8: 161 | C8: 12472
A9: AR Border (AUS) | B9: 156 | C9: 11174
A10: Azhar Ali (PAK) | B10: 91 | C10: 6721
A11: BB McCullum (NZ) | B11: 101 | C11: 6453
A12: BC Lara (ICC/WI) | B12: 131 | C12: 11953
A13: CA Pujara (INDIA) | B13: 92 | C13: 6589
... A99: Grand Total | B99: 9937 | C99: 736782

Sheet 100s vs 50s Analysis
A1: Row Labels | B1: Sum of 100 | C1: Sum of 50
A2: SR Tendulkar (INDIA) | B2: 51 | C2: 68
A3: JH Kallis (ICC/SA) | B3: 45 | C3: 58
A4: RT Ponting (AUS) | B4: 41 | C4: 62
A5: KC Sangakkara (SL) | B5: 38 | C5: 52
A6: R Dravid (ICC/INDIA) | B6: 36 | C6: 63
A7: Younis Khan (PAK) | B7: 34 | C7: 33
A8: BC Lara (ICC/WI) | B8: 34 | C8: 48
A9: SM Gavaskar (INDIA) | B9: 34 | C9: 45
A10: DPMD Jayawardene (SL) | B10: 34 | C10: 50
A11: AN Cook (ENG) | B11: 33 | C11: 57
A12: Grand Total | B12: 380 | C12: 536

Sheet KPI
B1: KPI
B3: Total Players | D3: =COUNTA(raw_data!A2:A1001) -> 97
B5: Total Matches | D5: =SUM(raw_data!D2:D1000) -> 9937
B7: Total Runs | D7: =SUM(raw_data!G2:G1000) -> 736782
B9: Total Centuries | D9: =SUM(raw_data!J2:J1000) -> 1997
B11: Total Half Centuries | D11: =SUM(raw_data!K2:K1000) -> 3453
B13: Highest Score | D13: =MAX(raw_data!Q2:Q1000) -> 400

Sheet DashBoard
A1: CRICKET PLAYER PERFORMANCE DASHBOARD
